4008203,60/61,1,4/09/1960,15:00,St-Truidense VV,Standard Luik,Standard Luik,15:14,0,1
4008203,60/61,1,4/09/1960,15:00,St-Truidense VV,Standard Luik,Standard Luik,15:19,0,2
4008204,60/61,1,4/09/1960,15:00,Eendracht Aalst,Antwerp FC,Antwerp FC,15:18,0,1
4008204,60/61,1,4/09/1960,15:00,Eendracht Aalst,Antwerp FC,Eendracht Aalst,15:18,1,1
4008204,60/61,1,4/09/1960,15:00,Eendracht Aalst,Antwerp FC,Eendracht Aalst,15:26,2,1
4008204,60/61,1,4/09/1960,15:00,Eendracht Aalst,Antwerp FC,Antwerp FC,15:02,2,2
4008205,60/61,1,4/09/1960,15:00,Olymp. Charleroi,RSC Anderlecht,RSC Anderlecht,15:30,0,1
4008205,60/61,1,4/09/1960,15:00,Olymp. Charleroi,RSC Anderlecht,RSC Anderlecht,15:37,0,2
4008205,60/61,1,4/09/1960,15:00,Olymp. Charleroi,RSC Anderlecht,RSC Anderlecht,15:52,0,3
4008205,60/61,1,4/09/1960,15:00,Olymp. Charleroi,RSC Anderlecht,RSC Anderlecht,15:59,0,4
4008205,60/61,1,4/09/1960,15:00,Olymp. Charleroi,RSC Anderlecht,RSC Anderlecht,15:09,0,5
4008205,60/61,1,4/09/1960,15:00,Olymp. Charleroi,RSC Anderlecht,RSC Anderlecht,15:15,0,6
4008205,60/61,1,4/09/1960,15:00,Olymp. Charleroi,RSC Anderlecht,RSC Anderlecht,15:19,0,7
4008207,60/61,1,4/09/1960,15:00,Club Brugge,Union SG,Union SG,15:10,0,1
4008207,60/61,1,4/09/1960,15:00,Club Brugge,Union SG,Club Brugge,15:20,1,1
4008207,60/61,1,4/09/1960,15:00,Club Brugge,Union SG,Union SG,15:36,1,2
4008209,60/61,1,4/09/1960,15:00,Daring Club,K Patro Eisden,K Patro Eisden,15:27,0,1
4008209,60/61,1,4/09/1960,15:00,Daring Club,K Patro Eisden,Daring Club,15:57,1,1
4008210,60/61,1,4/09/1960,15:00,RFC Luik,ARA Gent,RFC Luik,15:21,1,0
4008210,60/61,1,4/09/1960,15:00,RFC Luik,ARA Gent,RFC Luik,15:30,2,0
4008210,60/61,1,4/09/1960,15:00,RFC Luik,ARA Gent,RFC Luik,15:43,3,0
4008210,60/61,1,4/09/1960,15:00,RFC Luik,ARA Gent,RFC Luik,15:59,4,0
4008211,60/61,2,11/09/1960,15:00,Standard Luik,Eendracht Aalst,Standard Luik,15:14,1,0
4008211,60/61,2,11/09/1960,15:00,Standard Luik,Eendracht Aalst,Standard Luik,15:33,2,0
4008212,60/61,2,11/09/1960,15:00,RSC Anderlecht,RFC Luik,RSC Anderlecht,16:5,1,0
4008212,60/61,2,11/09/1960,15:00,RSC Anderlecht,RFC Luik,RSC Anderlecht,15:15,2,0
4008212,60/61,2,11/09/1960,15:00,RSC Anderlecht,RFC Luik,RFC Luik,15:24,2,1
4008212,60/61,2,11/09/1960,15:00,RSC Anderlecht,RFC Luik,RFC Luik,15:52,2,2
4008212,60/61,2,11/09/1960,15:00,RSC Anderlecht,RFC Luik,RFC Luik,15:05,2,3
4008213,60/61,2,11/09/1960,15:00,Antwerp FC,Daring Club,Daring Club,15:03,0,1
4008213,60/61,2,11/09/1960,15:00,Antwerp FC,Daring Club,Antwerp FC,16:3,1,1
4008213,60/61,2,11/09/1960,15:00,Antwerp FC,Daring Club,Daring Club,15:08,1,2
4008213,60/61,2,11/09/1960,15:00,Antwerp FC,Daring Club,Daring Club,15:11,1,3
4008214,60/61,2,11/09/1960,15:00,ARA Gent,Beerschot AC,ARA Gent,15:14,1,0
4008214,60/61,2,11/09/1960,15:00,ARA Gent,Beerschot AC,ARA Gent,15:52,2,0
4008226,60/61,3,18/09/1960,15:00,Union SG,Antwerp FC,Antwerp FC,15:05,0,1
4008203,60/61,1,4/09/1960,15:00,St-Truidense VV,Standard Luik,Standard Luik,15:14,0,1
4008203,60/61,1,4/09/1960,15:00,St-Truidense VV,Standard Luik,Standard Luik,15:19,0,2
4008204,60/61,1,4/09/1960,15:00,Eendracht Aalst,Antwerp FC,Antwerp FC,15:18,0,1
4008204,60/61,1,4/09/1960,15:00,Eendracht Aalst,Antwerp FC,Eendracht Aalst,15:18,1,1
4008204,60/61,1,4/09/1960,15:00,Eendracht Aalst,Antwerp FC,Eendracht Aalst,15:26,2,1
4008204,60/61,1,4/09/1960,15:00,Eendracht Aalst,Antwerp FC,Antwerp FC,15:02,2,2
4008205,60/61,1,4/09/1960,15:00,Olymp. Charleroi,RSC Anderlecht,RSC Anderlecht,15:30,0,1
4008205,60/61,1,4/09/1960,15:00,Olymp. Charleroi,RSC Anderlecht,RSC Anderlecht,15:37,0,2
4008205,60/61,1,4/09/1960,15:00,Olymp. Charleroi,RSC Anderlecht,RSC Anderlecht,15:52,0,3
4008205,60/61,1,4/09/1960,15:00,Olymp. Charleroi,RSC Anderlecht,RSC Anderlecht,15:59,0,4
4008205,60/61,1,4/09/1960,15:00,Olymp. Charleroi,RSC Anderlecht,RSC Anderlecht,15:09,0,5
4008205,60/61,1,4/09/1960,15:00,Olymp. Charleroi,RSC Anderlecht,RSC Anderlecht,15:15,0,6
4008205,60/61,1,4/09/1960,15:00,Olymp. Charleroi,RSC Anderlecht,RSC Anderlecht,15:19,0,7
4008207,60/61,1,4/09/1960,15:00,Club Brugge,Union SG,Union SG,15:10,0,1
4008207,60/61,1,4/09/1960,15:00,Club Brugge,Union SG,Club Brugge,15:20,1,1
4008207,60/61,1,4/09/1960,15:00,Club Brugge,Union SG,Union SG,15:36,1,2
4008209,60/61,1,4/09/1960,15:00,Daring Club,K Patro Eisden,K Patro Eisden,15:27,0,1
4008209,60/61,1,4/09/1960,15:00,Daring Club,K Patro Eisden,Daring Club,15:57,1,1
4008210,60/61,1,4/09/1960,15:00,RFC Luik,ARA Gent,RFC Luik,15:21,1,0
4008210,60/61,1,4/09/1960,15:00,RFC Luik,ARA Gent,RFC Luik,15:30,2,0
4008210,60/61,1,4/09/1960,15:00,RFC Luik,ARA Gent,RFC Luik,15:43,3,0
4008210,60/61,1,4/09/1960,15:00,RFC Luik,ARA Gent,RFC Luik,15:59,4,0
4008211,60/61,2,11/09/1960,15:00,Standard Luik,Eendracht Aalst,Standard Luik,15:14,1,0
4008211,60/61,2,11/09/1960,15:00,Standard Luik,Eendracht Aalst,Standard Luik,15:33,2,0
4008212,60/61,2,11/09/1960,15:00,RSC Anderlecht,RFC Luik,RSC Anderlecht,16:5,1,0
4008212,60/61,2,11/09/1960,15:00,RSC Anderlecht,RFC Luik,RSC Anderlecht,15:15,2,0
4008212,60/61,2,11/09/1960,15:00,RSC Anderlecht,RFC Luik,RFC Luik,15:24,2,1
4008212,60/61,2,11/09/1960,15:00,RSC Anderlecht,RFC Luik,RFC Luik,15:52,2,2
4008212,60/61,2,11/09/1960,15:00,RSC Anderlecht,RFC Luik,RFC Luik,15:05,2,3
4008213,60/61,2,11/09/1960,15:00,Antwerp FC,Daring Club,Daring Club,15:03,0,1
4008213,60/61,2,11/09/1960,15:00,Antwerp FC,Daring Club,Antwerp FC,16:3,1,1
4008213,60/61,2,11/09/1960,15:00,Antwerp FC,Daring Club,Daring Club,15:08,1,2
4008213,60/61,2,11/09/1960,15:00,Antwerp FC,Daring Club,Daring Club,15:11,1,3
4008214,60/61,2,11/09/1960,15:00,ARA Gent,Beerschot AC,ARA Gent,15:14,1,0
4008214,60/61,2,11/09/1960,15:00,ARA Gent,Beerschot AC,ARA Gent,15:52,2,0
4008226,60/61,3,18/09/1960,15:00,Union SG,Antwerp FC,Antwerp FC,15:05,0,1
4008443,61/62,1,2/09/1961,19:30,ARA Gent,Daring Club,ARA Gent,19:48,1,0
4008443,61/62,1,2/09/1961,19:30,ARA Gent,Daring Club,Daring Club,19:58,1,1
4008443,61/62,1,2/09/1961,19:30,ARA Gent,Daring Club,ARA Gent,20:15,2,1
4008443,61/62,1,2/09/1961,19:30,ARA Gent,Daring Club,Daring Club,19:53,2,2
4008444,61/62,1,3/09/1961,15:00,Standard Luik,Beerschot AC,Beerschot AC,15:15,0,1
4008445,61/62,1,3/09/1961,15:00,Lierse SK,Eendracht Aalst,Lierse SK,15:10,1,0
4008445,61/62,1,3/09/1961,15:00,Lierse SK,Eendracht Aalst,Eendracht Aalst,15:17,1,1
4008445,61/62,1,3/09/1961,15:00,Lierse SK,Eendracht Aalst,Eendracht Aalst,15:27,1,2
4008445,61/62,1,3/09/1961,15:00,Lierse SK,Eendracht Aalst,Eendracht Aalst,15:12,1,3
4008446,61/62,1,3/09/1961,15:00,RSC Anderlecht,Waterschei THOR,RSC Anderlecht,15:47,1,0
4008446,61/62,1,3/09/1961,15:00,RSC Anderlecht,Waterschei THOR,RSC Anderlecht,15:56,2,0
4008446,61/62,1,3/09/1961,15:00,RSC Anderlecht,Waterschei THOR,RSC Anderlecht,16:0,3,0
4008446,61/62,1,3/09/1961,15:00,RSC Anderlecht,Waterschei THOR,RSC Anderlecht,16:4,4,0
4008446,61/62,1,3/09/1961,15:00,RSC Anderlecht,Waterschei THOR,RSC Anderlecht,16:9,5,0
4008446,61/62,1,3/09/1961,15:00,RSC Anderlecht,Waterschei THOR,Waterschei THOR,15:13,5,1
4008447,61/62,1,3/09/1961,15:00,Antwerp FC,RFC Luik,RFC Luik,15:37,0,1
4008447,61/62,1,3/09/1961,15:00,Antwerp FC,RFC Luik,Antwerp FC,15:48,1,1
4008447,61/62,1,3/09/1961,15:00,Antwerp FC,RFC Luik,Antwerp FC,16:21,2,1
4008448,61/62,1,3/09/1961,15:00,Cercle Brugge,KFC Diest,KFC Diest,15:30,0,1
4008448,61/62,1,3/09/1961,15:00,Cercle Brugge,KFC Diest,Cercle Brugge,15:36,1,1
4008448,61/62,1,3/09/1961,15:00,Cercle Brugge,KFC Diest,Cercle Brugge,16:4,2,1
4008449,61/62,1,3/09/1961,15:00,Union SG,Club Brugge,Union SG,15:20,1,0
4008449,61/62,1,3/09/1961,15:00,Union SG,Club Brugge,Club Brugge,15:51,1,1
4008449,61/62,1,3/09/1961,15:00,Union SG,Club Brugge,Club Brugge,15:20,1,2
4008450,61/62,1,3/09/1961,15:00,St-Truidense VV,Olymp. Charleroi,St-Truidense VV,15:24,1,0
4008450,61/62,1,3/09/1961,15:00,St-Truidense VV,Olymp. Charleroi,St-Truidense VV,16:20,2,0
4008451,61/62,2,10/09/1961,15:00,Club Brugge,Standard Luik,Club Brugge,15:13,1,0
4008451,61/62,2,10/09/1961,15:00,Club Brugge,Standard Luik,Standard Luik,15:23,1,1
4008451,61/62,2,10/09/1961,15:00,Club Brugge,Standard Luik,Standard Luik,15:46,1,2
4008451,61/62,2,10/09/1961,15:00,Club Brugge,Standard Luik,Club Brugge,15:57,2,2
4008453,61/62,2,10/09/1961,15:00,Eendracht Aalst,St-Truidense VV,St-Truidense VV,15:57,0,1
4008453,61/62,2,10/09/1961,15:00,Eendracht Aalst,St-Truidense VV,St-Truidense VV,15:07,0,2
4008453,61/62,2,10/09/1961,15:00,Eendracht Aalst,St-Truidense VV,St-Truidense VV,15:12,0,3
4008456,61/62,2,10/09/1961,15:00,KFC Diest,RSC Anderlecht,KFC Diest,15:37,1,0
4008456,61/62,2,10/09/1961,15:00,KFC Diest,RSC Anderlecht,KFC Diest,15:29,2,0
4008461,61/62,3,17/09/1961,15:00,Antwerp FC,RSC Anderlecht,RSC Anderlecht,15:00,0,1
4008461,61/62,3,17/09/1961,15:00,Antwerp FC,RSC Anderlecht,RSC Anderlecht,15:10,0,2
4008461,61/62,3,17/09/1961,15:00,Antwerp FC,RSC Anderlecht,Antwerp FC,15:10,1,2
4008461,61/62,3,17/09/1961,15:00,Antwerp FC,RSC Anderlecht,RSC Anderlecht,15:39,1,3
4008461,61/62,3,17/09/1961,15:00,Antwerp FC,RSC Anderlecht,RSC Anderlecht,15:03,1,4
4008683,62/63,1,1/09/1962,19:30,RSC Anderlecht,KFC Diest,RSC Anderlecht,19:78,1,0
4008684,62/63,1,1/09/1962,19:30,Antwerp FC,ARA Gent,Antwerp FC,20:50,1,0
4008684,62/63,1,1/09/1962,19:30,Antwerp FC,ARA Gent,ARA Gent,19:40,1,1
4008684,62/63,1,1/09/1962,19:30,Antwerp FC,ARA Gent,ARA Gent,19:48,1,2
4008684,62/63,1,1/09/1962,19:30,Antwerp FC,ARA Gent,Antwerp FC,19:71,2,2
4008684,62/63,1,1/09/1962,19:30,Antwerp FC,ARA Gent,ARA Gent,20:28,2,3
4008684,62/63,1,1/09/1962,19:30,Antwerp FC,ARA Gent,Antwerp FC,20:40,3,3
4008684,62/63,1,1/09/1962,19:30,Antwerp FC,ARA Gent,Antwerp FC,20:46,4,3
4008685,62/63,1,2/09/1962,15:00,St-Truidense VV,Standard Luik,Standard Luik,15:13,0,1
4008685,62/63,1,2/09/1962,15:00,St-Truidense VV,Standard Luik,St-Truidense VV,15:49,1,1
4008685,62/63,1,2/09/1962,15:00,St-Truidense VV,Standard Luik,Standard Luik,15:52,1,2
4008686,62/63,1,2/09/1962,15:00,Club Brugge,Beerschot AC,Club Brugge,15:45,1,0
4008687,62/63,1,2/09/1962,15:00,Beringen FC,Berchem Sport,Beringen FC,16:25,1,0
4008687,62/63,1,2/09/1962,15:00,Beringen FC,Berchem Sport,Beringen FC,15:16,2,0
4008687,62/63,1,2/09/1962,15:00,Beringen FC,Berchem Sport,Beringen FC,15:43,3,0
4008687,62/63,1,2/09/1962,15:00,Beringen FC,Berchem Sport,Beringen FC,15:47,4,0
4008687,62/63,1,2/09/1962,15:00,Beringen FC,Berchem Sport,Berchem Sport,15:59,4,1
4008687,62/63,1,2/09/1962,15:00,Beringen FC,Berchem Sport,Beringen FC,16:10,5,1
4008687,62/63,1,2/09/1962,15:00,Beringen FC,Berchem Sport,Berchem Sport,15:25,5,2
4008688,62/63,1,2/09/1962,15:00,Union SG,Cercle Brugge,Union SG,16:24,1,0
4008688,62/63,1,2/09/1962,15:00,Union SG,Cercle Brugge,Cercle Brugge,15:40,1,1
4008688,62/63,1,2/09/1962,15:00,Union SG,Cercle Brugge,Cercle Brugge,15:56,1,2
4008688,62/63,1,2/09/1962,15:00,Union SG,Cercle Brugge,Cercle Brugge,15:24,1,3
4008689,62/63,1,2/09/1962,15:00,Olymp. Charleroi,Daring Club,Daring Club,15:24,0,1
4008689,62/63,1,2/09/1962,15:00,Olymp. Charleroi,Daring Club,Daring Club,15:27,0,2
4008690,62/63,1,2/09/1962,15:00,RFC Luik,Lierse SK,RFC Luik,15:10,1,0
4008690,62/63,1,2/09/1962,15:00,RFC Luik,Lierse SK,RFC Luik,15:24,2,0
4008690,62/63,1,2/09/1962,15:00,RFC Luik,Lierse SK,RFC Luik,15:46,3,0
4008690,62/63,1,2/09/1962,15:00,RFC Luik,Lierse SK,RFC Luik,15:55,4,0
4008692,62/63,2,9/09/1962,15:00,Standard Luik,Antwerp FC,Antwerp FC,15:55,0,1
4008692,62/63,2,9/09/1962,15:00,Standard Luik,Antwerp FC,Standard Luik,16:17,1,1
4008692,62/63,2,9/09/1962,15:00,Standard Luik,Antwerp FC,Antwerp FC,15:21,1,2
4008693,62/63,2,9/09/1962,15:00,Beerschot AC,RSC Anderlecht,Beerschot AC,15:25,1,0
4008693,62/63,2,9/09/1962,15:00,Beerschot AC,RSC Anderlecht,RSC Anderlecht,15:44,1,1
4008694,62/63,2,9/09/1962,15:00,ARA Gent,Beringen FC,Beringen FC,15:17,0,1
4008694,62/63,2,9/09/1962,15:00,ARA Gent,Beringen FC,ARA Gent,15:18,1,1
4008694,62/63,2,9/09/1962,15:00,ARA Gent,Beringen FC,ARA Gent,15:40,2,1
4008694,62/63,2,9/09/1962,15:00,ARA Gent,Beringen FC,Beringen FC,15:08,2,2
4008694,62/63,2,9/09/1962,15:00,ARA Gent,Beringen FC,ARA Gent,16:26,3,2
4008695,62/63,2,9/09/1962,15:00,Cercle Brugge,St-Truidense VV,St-Truidense VV,15:44,0,1
4008695,62/63,2,9/09/1962,15:00,Cercle Brugge,St-Truidense VV,Cercle Brugge,16:6,1,1
4008695,62/63,2,9/09/1962,15:00,Cercle Brugge,St-Truidense VV,Cercle Brugge,16:22,2,1
4008696,62/63,2,9/09/1962,15:00,Lierse SK,Club Brugge,Lierse SK,15:37,1,0
4008697,62/63,2,9/09/1962,15:00,Daring Club,RFC Luik,Daring Club,16:2,1,0
4008697,62/63,2,9/09/1962,15:00,Daring Club,RFC Luik,Daring Club,15:28,2,0
4008697,62/63,2,9/09/1962,15:00,Daring Club,RFC Luik,Daring Club,15:32,3,0
4008697,62/63,2,9/09/1962,15:00,Daring Club,RFC Luik,RFC Luik,15:02,3,1
4008698,62/63,2,9/09/1962,15:00,KFC Diest,Olymp. Charleroi,KFC Diest,15:38,1,0
4008698,62/63,2,9/09/1962,15:00,KFC Diest,Olymp. Charleroi,KFC Diest,15:51,2,0
4008700,62/63,3,16/09/1962,15:00,Cercle Brugge,RSC Anderlecht,Cercle Brugge,15:12,1,0
4008700,62/63,3,16/09/1962,15:00,Cercle Brugge,RSC Anderlecht,RSC Anderlecht,15:07,1,1
4008701,62/63,3,16/09/1962,15:00,Antwerp FC,Lierse SK,Lierse SK,15:00,0,1
4008701,62/63,3,16/09/1962,15:00,Antwerp FC,Lierse SK,Lierse SK,15:08,0,2
4008702,62/63,3,16/09/1962,15:00,St-Truidense VV,Beerschot AC,St-Truidense VV,16:10,1,0
4008702,62/63,3,16/09/1962,15:00,St-Truidense VV,Beerschot AC,Beerschot AC,15:10,1,1
4008702,62/63,3,16/09/1962,15:00,St-Truidense VV,Beerschot AC,St-Truidense VV,15:25,2,1
4008702,62/63,3,16/09/1962,15:00,St-Truidense VV,Beerschot AC,Beerschot AC,15:35,2,2
4008702,62/63,3,16/09/1962,15:00,St-Truidense VV,Beerschot AC,St-Truidense VV,15:44,3,2
4008703,62/63,3,16/09/1962,15:00,Beringen FC,Daring Club,Beringen FC,16:27,1,0
4008703,62/63,3,16/09/1962,15:00,Beringen FC,Daring Club,Beringen FC,15:33,2,0
4008703,62/63,3,16/09/1962,15:00,Beringen FC,Daring Club,Beringen FC,15:35,3,0
4008703,62/63,3,16/09/1962,15:00,Beringen FC,Daring Club,Beringen FC,15:50,4,0
4008703,62/63,3,16/09/1962,15:00,Beringen FC,Daring Club,Beringen FC,15:52,5,0
4008703,62/63,3,16/09/1962,15:00,Beringen FC,Daring Club,Beringen FC,16:10,6,0
4008703,62/63,3,16/09/1962,15:00,Beringen FC,Daring Club,Daring Club,15:18,6,1
4008723,62/63,6,7/10/1962,15:00,Olymp. Charleroi,RFC Luik,Olymp. Charleroi,15:21,1,0
4008723,62/63,6,7/10/1962,15:00,Olymp. Charleroi,RFC Luik,Olymp. Charleroi,15:32,2,0
4008723,62/63,6,7/10/1962,15:00,Olymp. Charleroi,RFC Luik,Olymp. Charleroi,15:34,3,0
4008724,62/63,6,7/10/1962,15:00,St-Truidense VV,Union SG,St-Truidense VV,15:38,1,0
4008724,62/63,6,7/10/1962,15:00,St-Truidense VV,Union SG,St-Truidense VV,16:2,2,0
4008724,62/63,6,7/10/1962,15:00,St-Truidense VV,Union SG,St-Truidense VV,16:3,3,0
4008724,62/63,6,7/10/1962,15:00,St-Truidense VV,Union SG,Union SG,15:29,3,1
4008739,62/63,8,28/10/1962,15:00,RSC Anderlecht,Standard Luik,RSC Anderlecht,15:20,1,0
4008739,62/63,8,28/10/1962,15:00,RSC Anderlecht,Standard Luik,Standard Luik,15:25,1,1
4008739,62/63,8,28/10/1962,15:00,RSC Anderlecht,Standard Luik,RSC Anderlecht,15:44,2,1
4008739,62/63,8,28/10/1962,15:00,RSC Anderlecht,Standard Luik,RSC Anderlecht,16:8,3,1
4008739,62/63,8,28/10/1962,15:00,RSC Anderlecht,Standard Luik,RSC Anderlecht,16:12,4,1
4008739,62/63,8,28/10/1962,15:00,RSC Anderlecht,Standard Luik,Standard Luik,15:18,4,2
4008744,62/63,8,28/10/1962,15:00,Antwerp FC,Berchem Sport,Antwerp FC,16:17,1,0
4008744,62/63,8,28/10/1962,15:00,Antwerp FC,Berchem Sport,Berchem Sport,15:30,1,1
4008744,62/63,8,28/10/1962,15:00,Antwerp FC,Berchem Sport,Antwerp FC,15:34,2,1
4008744,62/63,8,28/10/1962,15:00,Antwerp FC,Berchem Sport,Berchem Sport,15:35,2,2
4008744,62/63,8,28/10/1962,15:00,Antwerp FC,Berchem Sport,Antwerp FC,16:8,3,2
4008744,62/63,8,28/10/1962,15:00,Antwerp FC,Berchem Sport,Antwerp FC,16:10,4,2
4008744,62/63,8,28/10/1962,15:00,Antwerp FC,Berchem Sport,Antwerp FC,16:11,5,2
4008744,62/63,8,28/10/1962,15:00,Antwerp FC,Berchem Sport,Berchem Sport,15:17,5,3
4008923,63/64,1,7/09/1963,20:00,Antwerp FC,KV Mechelen,Antwerp FC,21:24,1,0
4008923,63/64,1,7/09/1963,20:00,Antwerp FC,KV Mechelen,Antwerp FC,21:8,2,0
4008923,63/64,1,7/09/1963,20:00,Antwerp FC,KV Mechelen,KV Mechelen,20:24,2,1
4008924,63/64,1,7/09/1963,20:00,ARA Gent,Daring Club,ARA Gent,20:19,1,0
4008925,63/64,1,8/09/1963,15:00,Standard Luik,KFC Diest,KFC Diest,15:21,0,1
4008925,63/64,1,8/09/1963,15:00,Standard Luik,KFC Diest,Standard Luik,15:21,1,1
4008926,63/64,1,8/09/1963,15:00,RSC Anderlecht,Berchem Sport,RSC Anderlecht,15:15,1,0
4008928,63/64,1,8/09/1963,15:00,Beringen FC,RFC Luik,Beringen FC,15:23,1,0
4008928,63/64,1,8/09/1963,15:00,Beringen FC,RFC Luik,RFC Luik,15:26,1,1
4008928,63/64,1,8/09/1963,15:00,Beringen FC,RFC Luik,Beringen FC,15:29,2,1
4008928,63/64,1,8/09/1963,15:00,Beringen FC,RFC Luik,RFC Luik,15:10,2,2
4008929,63/64,1,8/09/1963,15:00,Cercle Brugge,KFC Turnhout,Cercle Brugge,15:13,1,0
4008929,63/64,1,8/09/1963,15:00,Cercle Brugge,KFC Turnhout,KFC Turnhout,15:13,1,1
4008930,63/64,1,8/09/1963,15:00,St-Truidense VV,Club Brugge,St-Truidense VV,16:2,1,0
4008930,63/64,1,8/09/1963,15:00,St-Truidense VV,Club Brugge,Club Brugge,15:27,1,1
4008931,63/64,2,15/09/1963,15:00,Lierse SK,Standard Luik,Lierse SK,16:28,1,0
4008931,63/64,2,15/09/1963,15:00,Lierse SK,Standard Luik,Standard Luik,15:42,1,1
4008931,63/64,2,15/09/1963,15:00,Lierse SK,Standard Luik,Lierse SK,15:42,2,1
4008931,63/64,2,15/09/1963,15:00,Lierse SK,Standard Luik,Lierse SK,16:5,3,1
4008931,63/64,2,15/09/1963,15:00,Lierse SK,Standard Luik,Standard Luik,15:28,3,2
4008934,63/64,2,15/09/1963,15:00,RFC Luik,Antwerp FC,Antwerp FC,15:28,0,1
4008934,63/64,2,15/09/1963,15:00,RFC Luik,Antwerp FC,Antwerp FC,15:52,0,2
4008934,63/64,2,15/09/1963,15:00,RFC Luik,Antwerp FC,Antwerp FC,15:02,0,3
4008935,63/64,2,15/09/1963,15:00,Club Brugge,Beerschot AC,Club Brugge,16:1,1,0
4008935,63/64,2,15/09/1963,15:00,Club Brugge,Beerschot AC,Beerschot AC,15:20,1,1
4008936,63/64,2,15/09/1963,15:00,Berchem Sport,St-Truidense VV,St-Truidense VV,15:21,0,1
4008936,63/64,2,15/09/1963,15:00,Berchem Sport,St-Truidense VV,Berchem Sport,15:25,1,1
4008936,63/64,2,15/09/1963,15:00,Berchem Sport,St-Truidense VV,St-Truidense VV,15:40,1,2
4008936,63/64,2,15/09/1963,15:00,Berchem Sport,St-Truidense VV,St-Truidense VV,15:58,1,3
4008936,63/64,2,15/09/1963,15:00,Berchem Sport,St-Truidense VV,Berchem Sport,16:1,2,3
4008938,63/64,2,15/09/1963,15:00,Daring Club,Beringen FC,Daring Club,16:0,1,0
4008939,63/64,3,21/09/1963,20:00,ARA Gent,Club Brugge,ARA Gent,20:48,1,0
4008940,63/64,3,22/09/1963,15:00,KV Mechelen,Standard Luik,Standard Luik,15:10,0,1
4008940,63/64,3,22/09/1963,15:00,KV Mechelen,Standard Luik,Standard Luik,15:43,0,2
4008940,63/64,3,22/09/1963,15:00,KV Mechelen,Standard Luik,Standard Luik,15:02,0,3
4008941,63/64,3,22/09/1963,15:00,RSC Anderlecht,Beerschot AC,Beerschot AC,15:06,0,1
4008948,63/64,4,29/09/1963,15:00,Standard Luik,St-Truidense VV,St-Truidense VV,15:00,0,1
4008948,63/64,4,29/09/1963,15:00,Standard Luik,St-Truidense VV,St-Truidense VV,15:42,0,2
4008948,63/64,4,29/09/1963,15:00,Standard Luik,St-Truidense VV,St-Truidense VV,15:44,0,3
4008948,63/64,4,29/09/1963,15:00,Standard Luik,St-Truidense VV,St-Truidense VV,15:52,0,4
4008948,63/64,4,29/09/1963,15:00,Standard Luik,St-Truidense VV,St-Truidense VV,15:20,0,5
4008958,63/64,5,6/10/1963,15:00,ARA Gent,Standard Luik,ARA Gent,16:29,1,0
4008958,63/64,5,6/10/1963,15:00,ARA Gent,Standard Luik,Standard Luik,15:15,1,1
4008958,63/64,5,6/10/1963,15:00,ARA Gent,Standard Luik,ARA Gent,15:15,2,1
4008958,63/64,5,6/10/1963,15:00,ARA Gent,Standard Luik,ARA Gent,15:35,3,1
4008958,63/64,5,6/10/1963,15:00,ARA Gent,Standard Luik,ARA Gent,15:36,4,1
4008958,63/64,5,6/10/1963,15:00,ARA Gent,Standard Luik,Standard Luik,15:37,4,2
4008958,63/64,5,6/10/1963,15:00,ARA Gent,Standard Luik,ARA Gent,15:40,5,2
4008958,63/64,5,6/10/1963,15:00,ARA Gent,Standard Luik,ARA Gent,16:7,6,2
4008958,63/64,5,6/10/1963,15:00,ARA Gent,Standard Luik,Standard Luik,15:25,6,3
4008958,63/64,5,6/10/1963,15:00,ARA Gent,Standard Luik,Standard Luik,15:26,6,4
4008958,63/64,5,6/10/1963,15:00,ARA Gent,Standard Luik,Standard Luik,15:29,6,5
4008961,63/64,5,6/10/1963,15:00,RSC Anderlecht,St-Truidense VV,St-Truidense VV,15:37,0,1
4008961,63/64,5,6/10/1963,15:00,RSC Anderlecht,St-Truidense VV,RSC Anderlecht,15:37,1,1
4009092,63/64,22,16/02/1964,15:00,Standard Luik,Daring Club,Standard Luik,15:14,1,0
4009092,63/64,22,16/02/1964,15:00,Standard Luik,Daring Club,Standard Luik,15:29,2,0
4009092,63/64,22,16/02/1964,15:00,Standard Luik,Daring Club,Standard Luik,15:37,3,0
4009092,63/64,22,16/02/1964,15:00,Standard Luik,Daring Club,Standard Luik,15:40,4,0
4009092,63/64,22,16/02/1964,15:00,Standard Luik,Daring Club,Standard Luik,15:50,5,0
4009092,63/64,22,16/02/1964,15:00,Standard Luik,Daring Club,Standard Luik,15:54,6,0
4009092,63/64,22,16/02/1964,15:00,Standard Luik,Daring Club,Standard Luik,16:18,7,0
4009092,63/64,22,16/02/1964,15:00,Standard Luik,Daring Club,Standard Luik,16:22,8,0
4009092,63/64,22,16/02/1964,15:00,Standard Luik,Daring Club,Daring Club,15:30,8,1
4009163,64/65,1,4/09/1964,19:30,RSC Anderlecht,Antwerp FC,RSC Anderlecht,19:41,1,0
4009163,64/65,1,4/09/1964,19:30,RSC Anderlecht,Antwerp FC,RSC Anderlecht,19:60,2,0
4009163,64/65,1,4/09/1964,19:30,RSC Anderlecht,Antwerp FC,RSC Anderlecht,19:77,3,0
4009163,64/65,1,4/09/1964,19:30,RSC Anderlecht,Antwerp FC,RSC Anderlecht,19:88,4,0
4009163,64/65,1,4/09/1964,19:30,RSC Anderlecht,Antwerp FC,RSC Anderlecht,20:30,5,0
4009165,64/65,1,5/09/1964,20:00,ARA Gent,RFC Luik,RFC Luik,20:16,0,1
4009165,64/65,1,5/09/1964,20:00,ARA Gent,RFC Luik,ARA Gent,20:16,1,1
4009165,64/65,1,5/09/1964,20:00,ARA Gent,RFC Luik,RFC Luik,20:17,1,2
4009165,64/65,1,5/09/1964,20:00,ARA Gent,RFC Luik,RFC Luik,20:27,1,3
4009165,64/65,1,5/09/1964,20:00,ARA Gent,RFC Luik,ARA Gent,20:38,2,3
4009166,64/65,1,6/09/1964,15:00,Standard Luik,Cercle Brugge,Standard Luik,15:22,1,0
4009166,64/65,1,6/09/1964,15:00,Standard Luik,Cercle Brugge,Cercle Brugge,15:07,1,1
4009166,64/65,1,6/09/1964,15:00,Standard Luik,Cercle Brugge,Standard Luik,16:7,2,1
4009167,64/65,1,6/09/1964,15:00,St-Truidense VV,Beerschot AC,Beerschot AC,15:22,0,1
4009168,64/65,1,6/09/1964,15:00,Beringen FC,RFC Tilleur,RFC Tilleur,15:11,0,1
4009168,64/65,1,6/09/1964,15:00,Beringen FC,RFC Tilleur,Beringen FC,15:20,1,1
4009168,64/65,1,6/09/1964,15:00,Beringen FC,RFC Tilleur,Beringen FC,16:10,2,1
4009169,64/65,1,6/09/1964,15:00,Club Brugge,Daring Club,Club Brugge,15:10,1,0
4009169,64/65,1,6/09/1964,15:00,Club Brugge,Daring Club,Club Brugge,15:13,2,0
4009169,64/65,1,6/09/1964,15:00,Club Brugge,Daring Club,Club Brugge,15:44,3,0
4009169,64/65,1,6/09/1964,15:00,Club Brugge,Daring Club,Club Brugge,15:49,4,0
4009169,64/65,1,6/09/1964,15:00,Club Brugge,Daring Club,Club Brugge,15:58,5,0
4009170,64/65,1,6/09/1964,15:00,Union SG,Lierse SK,Union SG,15:12,1,0
4009170,64/65,1,6/09/1964,15:00,Union SG,Lierse SK,Lierse SK,15:34,1,1
4009170,64/65,1,6/09/1964,15:00,Union SG,Lierse SK,Lierse SK,15:56,1,2
4009171,64/65,2,13/09/1964,15:00,KFC Diest,Standard Luik,Standard Luik,15:26,0,1
4009171,64/65,2,13/09/1964,15:00,KFC Diest,Standard Luik,KFC Diest,16:2,1,1
4009171,64/65,2,13/09/1964,15:00,KFC Diest,Standard Luik,KFC Diest,16:14,2,1
4009171,64/65,2,13/09/1964,15:00,KFC Diest,Standard Luik,Standard Luik,15:19,2,2
4009172,64/65,2,13/09/1964,15:00,Beerschot AC,RSC Anderlecht,RSC Anderlecht,15:48,0,1
4009172,64/65,2,13/09/1964,15:00,Beerschot AC,RSC Anderlecht,RSC Anderlecht,15:16,0,2
4009173,64/65,2,13/09/1964,15:00,Antwerp FC,Club Brugge,Antwerp FC,15:38,1,0
4009173,64/65,2,13/09/1964,15:00,Antwerp FC,Club Brugge,Club Brugge,15:55,1,1
4009175,64/65,2,13/09/1964,15:00,Daring Club,Berchem Sport,Daring Club,15:29,1,0
4009175,64/65,2,13/09/1964,15:00,Daring Club,Berchem Sport,Daring Club,15:32,2,0
4009175,64/65,2,13/09/1964,15:00,Daring Club,Berchem Sport,Daring Club,15:44,3,0
4009175,64/65,2,13/09/1964,15:00,Daring Club,Berchem Sport,Berchem Sport,15:52,3,1
4009175,64/65,2,13/09/1964,15:00,Daring Club,Berchem Sport,Daring Club,15:53,4,1
4009175,64/65,2,13/09/1964,15:00,Daring Club,Berchem Sport,Daring Club,15:58,5,1
4009175,64/65,2,13/09/1964,15:00,Daring Club,Berchem Sport,Daring Club,16:2,6,1
4009175,64/65,2,13/09/1964,15:00,Daring Club,Berchem Sport,Berchem Sport,15:14,6,2
4009175,64/65,2,13/09/1964,15:00,Daring Club,Berchem Sport,Daring Club,16:17,7,2
4009175,64/65,2,13/09/1964,15:00,Daring Club,Berchem Sport,Berchem Sport,15:21,7,3
4009177,64/65,2,13/09/1964,15:00,RFC Luik,Beringen FC,RFC Luik,16:0,1,0
4009177,64/65,2,13/09/1964,15:00,RFC Luik,Beringen FC,RFC Luik,16:7,2,0
4009179,64/65,3,19/09/1964,19:30,RSC Anderlecht,Cercle Brugge,RSC Anderlecht,20:51,1,0
4009179,64/65,3,19/09/1964,19:30,RSC Anderlecht,Cercle Brugge,RSC Anderlecht,19:52,2,0
4009179,64/65,3,19/09/1964,19:30,RSC Anderlecht,Cercle Brugge,RSC Anderlecht,19:71,3,0
4009179,64/65,3,19/09/1964,19:30,RSC Anderlecht,Cercle Brugge,Cercle Brugge,20:19,3,1
4009180,64/65,3,19/09/1964,20:00,ARA Gent,Antwerp FC,Antwerp FC,20:15,0,1
4009180,64/65,3,19/09/1964,20:00,ARA Gent,Antwerp FC,ARA Gent,20:15,1,1
4009180,64/65,3,19/09/1964,20:00,ARA Gent,Antwerp FC,ARA Gent,20:42,2,1
4009180,64/65,3,19/09/1964,20:00,ARA Gent,Antwerp FC,ARA Gent,20:44,3,1
4009185,64/65,3,20/09/1964,15:00,St-Truidense VV,KFC Diest,St-Truidense VV,15:14,1,0
4009186,64/65,3,20/09/1964,15:00,Union SG,RFC Luik,RFC Luik,15:13,0,1
4009186,64/65,3,20/09/1964,15:00,Union SG,RFC Luik,Union SG,16:0,1,1
4009181,64/65,3,20/09/1964,15:00,Standard Luik,RFC Tilleur,RFC Tilleur,15:56,0,1
4009181,64/65,3,20/09/1964,15:00,Standard Luik,RFC Tilleur,Standard Luik,15:56,1,1
4009181,64/65,3,20/09/1964,15:00,Standard Luik,RFC Tilleur,RFC Tilleur,15:59,1,2
4009182,64/65,3,20/09/1964,15:00,Berchem Sport,Beerschot AC,Beerschot AC,15:40,0,1
4009182,64/65,3,20/09/1964,15:00,Berchem Sport,Beerschot AC,Beerschot AC,15:48,0,2
4009182,64/65,3,20/09/1964,15:00,Berchem Sport,Beerschot AC,Beerschot AC,15:55,0,3
4009182,64/65,3,20/09/1964,15:00,Berchem Sport,Beerschot AC,Beerschot AC,15:02,0,4
4009182,64/65,3,20/09/1964,15:00,Berchem Sport,Beerschot AC,Beerschot AC,15:15,0,5
4009183,64/65,3,20/09/1964,15:00,Beringen FC,Daring Club,Beringen FC,15:25,1,0
4009183,64/65,3,20/09/1964,15:00,Beringen FC,Daring Club,Beringen FC,15:27,2,0
4009183,64/65,3,20/09/1964,15:00,Beringen FC,Daring Club,Beringen FC,15:43,3,0
4009183,64/65,3,20/09/1964,15:00,Beringen FC,Daring Club,Daring Club,15:01,3,1
4009183,64/65,3,20/09/1964,15:00,Beringen FC,Daring Club,Daring Club,15:04,3,2
4009183,64/65,3,20/09/1964,15:00,Beringen FC,Daring Club,Beringen FC,16:14,4,2
4009183,64/65,3,20/09/1964,15:00,Beringen FC,Daring Club,Beringen FC,16:15,5,2
4009183,64/65,3,20/09/1964,15:00,Beringen FC,Daring Club,Daring Club,15:28,5,3
4009184,64/65,3,20/09/1964,15:00,Club Brugge,Lierse SK,Club Brugge,15:43,1,0
4009184,64/65,3,20/09/1964,15:00,Club Brugge,Lierse SK,Lierse SK,15:09,1,1
4009188,64/65,4,27/09/1964,14:30,St-Truidense VV,RSC Anderlecht,RSC Anderlecht,14:30,0,1
4009188,64/65,4,27/09/1964,14:30,St-Truidense VV,RSC Anderlecht,RSC Anderlecht,14:50,0,2
4009188,64/65,4,27/09/1964,14:30,St-Truidense VV,RSC Anderlecht,RSC Anderlecht,15:10,0,3
4009188,64/65,4,27/09/1964,14:30,St-Truidense VV,RSC Anderlecht,RSC Anderlecht,14:50,0,4
4009190,64/65,4,27/09/1964,15:00,Antwerp FC,Union SG,Union SG,15:12,0,1
4009190,64/65,4,27/09/1964,15:00,Antwerp FC,Union SG,Antwerp FC,15:16,1,1
4009190,64/65,4,27/09/1964,15:00,Antwerp FC,Union SG,Antwerp FC,15:40,2,1
4009190,64/65,4,27/09/1964,15:00,Antwerp FC,Union SG,Union SG,15:50,2,2
4009191,64/65,4,27/09/1964,15:00,Cercle Brugge,Berchem Sport,Berchem Sport,15:17,0,1
4009191,64/65,4,27/09/1964,15:00,Cercle Brugge,Berchem Sport,Cercle Brugge,15:22,1,1
4009191,64/65,4,27/09/1964,15:00,Cercle Brugge,Berchem Sport,Cercle Brugge,15:24,2,1
4009191,64/65,4,27/09/1964,15:00,Cercle Brugge,Berchem Sport,Cercle Brugge,15:40,3,1
4009191,64/65,4,27/09/1964,15:00,Cercle Brugge,Berchem Sport,Cercle Brugge,15:58,4,1
4009191,64/65,4,27/09/1964,15:00,Cercle Brugge,Berchem Sport,Cercle Brugge,15:59,5,1
4009191,64/65,4,27/09/1964,15:00,Cercle Brugge,Berchem Sport,Berchem Sport,15:12,5,2
4009192,64/65,4,27/09/1964,15:00,Lierse SK,Beringen FC,Lierse SK,16:26,1,0
4009192,64/65,4,27/09/1964,15:00,Lierse SK,Beringen FC,Lierse SK,15:32,2,0
4009192,64/65,4,27/09/1964,15:00,Lierse SK,Beringen FC,Lierse SK,15:41,3,0
4009192,64/65,4,27/09/1964,15:00,Lierse SK,Beringen FC,Beringen FC,15:26,3,1
4009194,64/65,4,27/09/1964,15:00,RFC Tilleur,Club Brugge,Club Brugge,15:32,0,1
4009194,64/65,4,27/09/1964,15:00,RFC Tilleur,Club Brugge,RFC Tilleur,15:38,1,1
4009194,64/65,4,27/09/1964,15:00,RFC Tilleur,Club Brugge,Club Brugge,15:58,1,2
4009195,64/65,5,10/10/1964,19:30,ARA Gent,Beringen FC,ARA Gent,19:40,1,0
4009200,64/65,5,11/10/1964,15:00,Berchem Sport,Lierse SK,Berchem Sport,15:48,1,0
4009200,64/65,5,11/10/1964,15:00,Berchem Sport,Lierse SK,Lierse SK,15:54,1,1
4009200,64/65,5,11/10/1964,15:00,Berchem Sport,Lierse SK,Berchem Sport,16:7,2,1
4009198,64/65,5,11/10/1964,19:00,Cercle Brugge,RFC Tilleur,RFC Tilleur,19:00,0,1
4009198,64/65,5,11/10/1964,19:00,Cercle Brugge,RFC Tilleur,RFC Tilleur,19:26,0,2
4009198,64/65,5,11/10/1964,19:00,Cercle Brugge,RFC Tilleur,RFC Tilleur,19:00,0,3
4009275,64/65,5,3/01/1965,14:30,KFC Diest,Club Brugge,KFC Diest,14:60,1,0
4009275,64/65,5,3/01/1965,14:30,KFC Diest,Club Brugge,KFC Diest,14:73,2,0
4009275,64/65,5,3/01/1965,14:30,KFC Diest,Club Brugge,KFC Diest,14:81,3,0
4009202,64/65,6,17/10/1964,19:30,RSC Anderlecht,KFC Diest,RSC Anderlecht,20:59,1,0
4009202,64/65,6,17/10/1964,19:30,RSC Anderlecht,KFC Diest,KFC Diest,19:55,1,1
4009202,64/65,6,17/10/1964,19:30,RSC Anderlecht,KFC Diest,RSC Anderlecht,19:80,2,1
4009202,64/65,6,17/10/1964,19:30,RSC Anderlecht,KFC Diest,KFC Diest,19:49,2,2
4009206,64/65,6,18/10/1964,15:00,Lierse SK,Standard Luik,Lierse SK,16:26,1,0
4009206,64/65,6,18/10/1964,15:00,Lierse SK,Standard Luik,Lierse SK,15:40,2,0
4009206,64/65,6,18/10/1964,15:00,Lierse SK,Standard Luik,Lierse SK,15:45,3,0
4009206,64/65,6,18/10/1964,15:00,Lierse SK,Standard Luik,Lierse SK,15:46,4,0
4009206,64/65,6,18/10/1964,15:00,Lierse SK,Standard Luik,Lierse SK,15:51,5,0
4009206,64/65,6,18/10/1964,15:00,Lierse SK,Standard Luik,Lierse SK,16:9,6,0
4009206,64/65,6,18/10/1964,15:00,Lierse SK,Standard Luik,Lierse SK,16:17,7,0
4009207,64/65,6,18/10/1964,15:00,Beerschot AC,Antwerp FC,Antwerp FC,15:20,0,1
4009207,64/65,6,18/10/1964,15:00,Beerschot AC,Antwerp FC,Antwerp FC,15:05,0,2
4009209,64/65,6,18/10/1964,15:00,Beringen FC,Berchem Sport,Berchem Sport,15:50,0,1
4009240,64/65,10,22/11/1964,14:00,RFC Tilleur,Lierse SK,RFC Tilleur,15:12,1,0
4009240,64/65,10,22/11/1964,14:00,RFC Tilleur,Lierse SK,RFC Tilleur,14:12,2,0
4009240,64/65,10,22/11/1964,14:00,RFC Tilleur,Lierse SK,RFC Tilleur,14:50,3,0
4009247,64/65,11,29/11/1964,15:00,Daring Club,RFC Tilleur,Daring Club,16:14,1,0
4009247,64/65,11,29/11/1964,15:00,Daring Club,RFC Tilleur,RFC Tilleur,15:52,1,1
4009247,64/65,11,29/11/1964,15:00,Daring Club,RFC Tilleur,RFC Tilleur,15:00,1,2
4009247,64/65,11,29/11/1964,15:00,Daring Club,RFC Tilleur,RFC Tilleur,15:11,1,3
4009247,64/65,11,29/11/1964,15:00,Daring Club,RFC Tilleur,Daring Club,16:12,2,3
4009252,64/65,12,6/12/1964,14:00,RFC Tilleur,Antwerp FC,RFC Tilleur,15:29,1,0
4009252,64/65,12,6/12/1964,14:00,RFC Tilleur,Antwerp FC,RFC Tilleur,14:13,2,0
4009252,64/65,12,6/12/1964,14:00,RFC Tilleur,Antwerp FC,RFC Tilleur,14:16,3,0
4009252,64/65,12,6/12/1964,14:00,RFC Tilleur,Antwerp FC,RFC Tilleur,14:25,4,0
4009252,64/65,12,6/12/1964,14:00,RFC Tilleur,Antwerp FC,RFC Tilleur,14:36,5,0
4009252,64/65,12,6/12/1964,14:00,RFC Tilleur,Antwerp FC,RFC Tilleur,14:43,6,0
4009252,64/65,12,6/12/1964,14:00,RFC Tilleur,Antwerp FC,RFC Tilleur,14:46,7,0
4009252,64/65,12,6/12/1964,14:00,RFC Tilleur,Antwerp FC,Antwerp FC,14:00,7,1
4009252,64/65,12,6/12/1964,14:00,RFC Tilleur,Antwerp FC,RFC Tilleur,15:9,8,1
4009252,64/65,12,6/12/1964,14:00,RFC Tilleur,Antwerp FC,RFC Tilleur,15:18,9,1
4009267,64/65,14,20/12/1964,14:30,Standard Luik,Club Brugge,Standard Luik,14:40,1,0
4009267,64/65,14,20/12/1964,14:30,Standard Luik,Club Brugge,Standard Luik,14:60,2,0
4009267,64/65,14,20/12/1964,14:30,Standard Luik,Club Brugge,Standard Luik,14:74,3,0
4009267,64/65,14,20/12/1964,14:30,Standard Luik,Club Brugge,Standard Luik,14:76,4,0
4009267,64/65,14,20/12/1964,14:30,Standard Luik,Club Brugge,Standard Luik,14:80,5,0
4009267,64/65,14,20/12/1964,14:30,Standard Luik,Club Brugge,Standard Luik,15:39,6,0
4009277,64/65,16,10/01/1965,14:30,Beerschot AC,St-Truidense VV,St-Truidense VV,14:44,0,1
4009277,64/65,16,10/01/1965,14:30,Beerschot AC,St-Truidense VV,St-Truidense VV,15:01,0,2
4009277,64/65,16,10/01/1965,14:30,Beerschot AC,St-Truidense VV,St-Truidense VV,14:35,0,3
4009277,64/65,16,10/01/1965,14:30,Beerschot AC,St-Truidense VV,St-Truidense VV,14:55,0,4
4009323,64/65,22,20/02/1965,19:30,RSC Anderlecht,ARA Gent,RSC Anderlecht,19:72,1,0
4009323,64/65,22,20/02/1965,19:30,RSC Anderlecht,ARA Gent,RSC Anderlecht,20:38,2,0
4009396,64/65,30,2/05/1965,15:00,Beerschot AC,Lierse SK,Beerschot AC,16:23,1,0
4009396,64/65,30,2/05/1965,15:00,Beerschot AC,Lierse SK,Beerschot AC,15:23,2,0
4009396,64/65,30,2/05/1965,15:00,Beerschot AC,Lierse SK,Beerschot AC,15:27,3,0
4009396,64/65,30,2/05/1965,15:00,Beerschot AC,Lierse SK,Beerschot AC,15:47,4,0
4009396,64/65,30,2/05/1965,15:00,Beerschot AC,Lierse SK,Beerschot AC,15:48,5,0
4009396,64/65,30,2/05/1965,15:00,Beerschot AC,Lierse SK,Beerschot AC,15:58,6,0
4009396,64/65,30,2/05/1965,15:00,Beerschot AC,Lierse SK,Beerschot AC,16:2,7,0
4009396,64/65,30,2/05/1965,15:00,Beerschot AC,Lierse SK,Beerschot AC,16:19,8,0
4009396,64/65,30,2/05/1965,15:00,Beerschot AC,Lierse SK,Lierse SK,15:23,8,1
4009404,65/66,1,4/09/1965,19:30,RSC Anderlecht,Club Brugge,RSC Anderlecht,19:47,1,0
4009404,65/66,1,4/09/1965,19:30,RSC Anderlecht,Club Brugge,Club Brugge,19:48,1,1
4009404,65/66,1,4/09/1965,19:30,RSC Anderlecht,Club Brugge,RSC Anderlecht,19:86,2,1
4009405,65/66,1,4/09/1965,19:30,Beerschot AC,RFC Tilleur,Beerschot AC,20:40,1,0
4009405,65/66,1,4/09/1965,19:30,Beerschot AC,RFC Tilleur,RFC Tilleur,19:48,1,1
4009403,65/66,1,4/09/1965,20:00,Standard Luik,Antwerp FC,Standard Luik,21:28,1,0
4009403,65/66,1,4/09/1965,20:00,Standard Luik,Antwerp FC,Antwerp FC,20:37,1,1
4009403,65/66,1,4/09/1965,20:00,Standard Luik,Antwerp FC,Antwerp FC,20:22,1,2
4009406,65/66,1,5/09/1965,14:00,Lierse SK,Berchem Sport,Lierse SK,14:30,1,0
4009406,65/66,1,5/09/1965,14:00,Lierse SK,Berchem Sport,Berchem Sport,14:55,1,1
4009407,65/66,1,5/09/1965,15:00,RFC Luik,Beringen FC,RFC Luik,16:27,1,0
4009407,65/66,1,5/09/1965,15:00,RFC Luik,Beringen FC,RFC Luik,15:31,2,0
4009407,65/66,1,5/09/1965,15:00,RFC Luik,Beringen FC,RFC Luik,15:43,3,0
4009407,65/66,1,5/09/1965,15:00,RFC Luik,Beringen FC,RFC Luik,15:50,4,0
4009408,65/66,1,5/09/1965,15:00,Cercle Brugge,St-Truidense VV,St-Truidense VV,15:12,0,1
4009410,65/66,1,5/09/1965,15:00,ARA Gent,RRC Br�ssel,RRC Br�ssel,15:47,0,1
4009410,65/66,1,5/09/1965,15:00,ARA Gent,RRC Br�ssel,ARA Gent,16:17,1,1
4009412,65/66,2,12/09/1965,15:00,RRC Br�ssel,Standard Luik,RRC Br�ssel,15:20,1,0
4009412,65/66,2,12/09/1965,15:00,RRC Br�ssel,Standard Luik,Standard Luik,15:18,1,1
4009414,65/66,2,12/09/1965,15:00,Club Brugge,Beerschot AC,Club Brugge,15:43,1,0
4009414,65/66,2,12/09/1965,15:00,Club Brugge,Beerschot AC,Beerschot AC,15:03,1,1
4009414,65/66,2,12/09/1965,15:00,Club Brugge,Beerschot AC,Beerschot AC,15:13,1,2
4009415,65/66,2,12/09/1965,15:00,Berchem Sport,RFC Luik,RFC Luik,15:16,0,1
4009415,65/66,2,12/09/1965,15:00,Berchem Sport,RFC Luik,Berchem Sport,15:58,1,1
4009415,65/66,2,12/09/1965,15:00,Berchem Sport,RFC Luik,RFC Luik,15:06,1,2
4009415,65/66,2,12/09/1965,15:00,Berchem Sport,RFC Luik,RFC Luik,15:25,1,3
4009417,65/66,2,12/09/1965,15:00,Beringen FC,Cercle Brugge,Beringen FC,15:15,1,0
4009417,65/66,2,12/09/1965,15:00,Beringen FC,Cercle Brugge,Cercle Brugge,15:18,1,1
4009417,65/66,2,12/09/1965,15:00,Beringen FC,Cercle Brugge,Beringen FC,15:41,2,1
4009417,65/66,2,12/09/1965,15:00,Beringen FC,Cercle Brugge,Beringen FC,16:5,3,1
4009413,65/66,2,12/09/1965,17:15,St-Truidense VV,ARA Gent,ARA Gent,17:37,0,1
4009413,65/66,2,12/09/1965,17:15,St-Truidense VV,ARA Gent,ARA Gent,17:37,0,2
4009421,65/66,3,19/09/1965,15:00,RSC Anderlecht,Berchem Sport,RSC Anderlecht,15:10,1,0
4009421,65/66,3,19/09/1965,15:00,RSC Anderlecht,Berchem Sport,RSC Anderlecht,15:56,2,0
4009428,65/66,4,3/10/1965,15:00,RFC Tilleur,Cercle Brugge,RFC Tilleur,16:22,1,0
4009435,65/66,5,9/10/1965,19:30,Lierse SK,St-Truidense VV,Lierse SK,19:72,1,0
4009443,65/66,6,17/10/1965,15:00,Standard Luik,RSC Anderlecht,RSC Anderlecht,15:23,0,1
4009453,65/66,7,31/10/1965,15:00,ARA Gent,Beringen FC,ARA Gent,15:30,1,0
4009453,65/66,7,31/10/1965,15:00,ARA Gent,Beringen FC,ARA Gent,16:13,2,0
4009512,65/66,8,2/01/1966,14:30,Antwerp FC,Beringen FC,Beringen FC,15:01,0,1
4009512,65/66,8,2/01/1966,14:30,Antwerp FC,Beringen FC,Beringen FC,14:43,0,2
4009462,65/66,9,14/11/1965,15:00,Berchem Sport,Standard Luik,Berchem Sport,15:39,1,0
4009477,65/66,11,27/11/1965,19:30,RSC Anderlecht,ARA Gent,RSC Anderlecht,19:45,1,0
4009477,65/66,11,27/11/1965,19:30,RSC Anderlecht,ARA Gent,RSC Anderlecht,19:77,2,0
4009477,65/66,11,27/11/1965,19:30,RSC Anderlecht,ARA Gent,RSC Anderlecht,20:32,3,0
4009477,65/66,11,27/11/1965,19:30,RSC Anderlecht,ARA Gent,RSC Anderlecht,20:33,4,0
4009477,65/66,11,27/11/1965,19:30,RSC Anderlecht,ARA Gent,RSC Anderlecht,20:43,5,0
4009486,65/66,12,5/12/1965,14:30,Standard Luik,Lierse SK,Lierse SK,14:30,0,1
4009486,65/66,12,5/12/1965,14:30,Standard Luik,Lierse SK,Lierse SK,14:30,0,2
4009486,65/66,12,5/12/1965,14:30,Standard Luik,Lierse SK,Lierse SK,15:26,0,3
4009486,65/66,12,5/12/1965,14:30,Standard Luik,Lierse SK,Lierse SK,14:35,0,4
4009486,65/66,12,5/12/1965,14:30,Standard Luik,Lierse SK,Lierse SK,14:41,0,5
4009494,65/66,13,12/12/1965,14:30,RFC Tilleur,Standard Luik,RFC Tilleur,14:54,1,0
4009494,65/66,13,12/12/1965,14:30,RFC Tilleur,Standard Luik,RFC Tilleur,14:57,2,0
4009494,65/66,13,12/12/1965,14:30,RFC Tilleur,Standard Luik,Standard Luik,15:29,2,1
4009503,65/66,14,19/12/1965,14:30,Beerschot AC,RRC Br�ssel,RRC Br�ssel,14:51,0,1
4009503,65/66,14,19/12/1965,14:30,Beerschot AC,RRC Br�ssel,RRC Br�ssel,14:52,0,2
4009503,65/66,14,19/12/1965,14:30,Beerschot AC,RRC Br�ssel,RRC Br�ssel,14:57,0,3
4009503,65/66,14,19/12/1965,14:30,Beerschot AC,RRC Br�ssel,Beerschot AC,14:64,1,3
4009503,65/66,14,19/12/1965,14:30,Beerschot AC,RRC Br�ssel,Beerschot AC,14:76,2,3
4009503,65/66,14,19/12/1965,14:30,Beerschot AC,RRC Br�ssel,RRC Br�ssel,14:33,2,4
4009503,65/66,14,19/12/1965,14:30,Beerschot AC,RRC Br�ssel,RRC Br�ssel,14:36,2,5
4009503,65/66,14,19/12/1965,14:30,Beerschot AC,RRC Br�ssel,RRC Br�ssel,14:44,2,6
4009503,65/66,14,19/12/1965,14:30,Beerschot AC,RRC Br�ssel,Beerschot AC,15:47,3,6
4009503,65/66,14,19/12/1965,14:30,Beerschot AC,RRC Br�ssel,RRC Br�ssel,14:56,3,7
4009622,65/66,15,30/04/1966,19:30,Lierse SK,Daring Club,Daring Club,19:47,0,1
4009622,65/66,15,30/04/1966,19:30,Lierse SK,Daring Club,Daring Club,20:12,0,2